sequence,label
AAEWLDAFFVRHVDR,1
ADCRQKPCL,1
ADGAPRPGAPLA,1
AEGEFGHWCDQHWLQYWYEGDPAK,1
AEGEFGWWGDSHWLQYEGDPAK,1
AEGEFIHNRYNRFFYWYGDPAK,1
AEGEFLMWGGSHWLEYWYEGDPAK,1
AEGEFMYWGDSHWLQYWYEGDPAK,1
AEGEFPRWGDSHWLQYWYEGDPAK,1
AEGEFWGDSHWLQYWYEGDPAK,1
AGCINGLCG,1
AGCRLKSCA,1
AGCRVESC,1
AGFQHHPSFYRF,1
AGQTLTASGD,1
AGTRMSWEV,1
AGTRMSWEVL,1
AHLPIVRASLPS,1
AIHSELMWVS,1
ALRDRPM,1
ALVGLMR,1
ANTPCGPYTHDCPVKR,1
APCCSHLDASPFQRP,1
APCGLLACI,1
APRPGPWLWSNADSV,1
APSFCGTAMLGASRYCYSGP,1
APSQTYH,1
AQGIVLQLAL,1
AQSNFVTWGYNVAV,1
AQSTAFQKPLLM,1
ARCRVDPCV,1
ARVSFWRYSSFAPTY,1
ASSLHTI,1
ASSSYPLIHWRPWAR,1
ATLDGVS,1
AVDPRMFYLLLRGGA,1
AVMGLAA,1
AWPENPSRRPF,1
AYTKCSRQWRTCMTTH,1
CAAHYRVGPWC,1
CADPNSVRAHC,1
CADPNSVRAMC,1
CAGRRSAYC,1
CAKGYRSC,1
CAKIDPELC,1
CALIIQKNEC,1
CALRDRPMC,1
CAMVSMED,1
CAQLLQVSC,1
CASLSCR,1
CASNNGRVVL,1
CAVCNGRCGF,1
CDCRGDCFC,1
CDDSWKC,1
CDPSRGKNC,1
CDTAVVEGL,1
CDTRL,1
CEGVNGRRLR,1
CEKRGDNLC,1
CEKRGDSLC,1
CEKRGDSVC,1
CELSLISKC,1
CEMCNGRCMG,1
CEQCNGRCGQ,1
CERACRNLCREGC,1
CETCNGRCVG,1
CEVCNGRCAL,1
CEYQLDVE,1
CFDGNHIWC,1
CFWPNRC,1
CGEACGGQCALPC,1
CGECNGRCVE,1
CGEGHPC,1
CGETMRC,1
CGGERGKSC,1
CGKRGDSIC,1
CGKRK,1
CGLIINKNEC,1
CGLIIQKNEC,1
CGLIIQRNEC,1
CGLILQKNEC,1
CGLMCQGACFDVC,1
CGLSDSC,1
CGLSGLGVA,1
CGNKRTRGC,1
CGNSNPKSC,1
CGQKRTRGC,1
CGRCNGRCLL,1
CGRECPRLCQSSC,1
CGRGDMPSC,1
CGRGDNLAC,1
CGRGDNLPC,1
CGRGDSPDC,1
CGRRAGGSC,1
CGSLVRC,1
CGSPGWVRC,1
CGTKRKC,1
CGTRCVRCQNGPEASCEQPL,1
CGTRVDHC,1
CGVCNGRCGL,1
CGVGSSC,1
CHVLWSTRC,1
CIEGVLGGC,1
CIRCNGRCSV,1
CIRSAVSC,1
CISLDRSC,1
CKAAKNK,1
CKALSQAC,1
CKGAKAR,1
CKGGRAKDC,1
CKSCNGRCLA,1
CKTRVSCGV,1
CKVCNGRCCG,1
CLDGGRPKC,1
CLQLFSTC,1
CLSCNGRCPS,1
CLSDGK,1
CLSDGKPVS,1
CLSDGKRKC,1
CLSGSLSC,1
CLSRYLDQC,1
CLSYYPSYC,1
CLVVHEAAC,1
CMEMGVKC,1
CNAAESSKNC,1
CNAGDSSKNC,1
CNAGESSKNC,1
CNAGESSRNC,1
CNAGESTKNC,1
CNGRCVSGCAGRC,1
CNKTDGDEGVTC,1
CNNVGSYC,1
CNRRTKAGC,1
CPEHRSLVC,1
CPEKFRPMC,1
CPGPEGAGC,1
CPHNLTKLC,1
CPHSKPCLC,1
CPIDERPMC,1
CPIEDRPMC,1
CPIRPMEDC,1
CPLCNGRCAL,1
CPLCNGRCAR,1
CPNGRC,1
CPRECESIC,1
CPRGCLAVCVSQC,1
CPRGSRC,1
CPSDLKDAC,1
CPTCNGRCVR,1
CQLAAVC,1
CQLTGTHGAGC,1
CQSCNGRCVR,1
CRCCNGRCSP,1
CREAGRKAC,1
CREKA,1
CRESLKNC,1
CRGDAGINC,1
CRGDCF,1
CRGDCGGKWCFRVCYRGICYRRCR,1
CRGDGWC,1
CRGDHAANC,1
CRGDHAGDC,1
CRGDHGVEC,1
CRGDKGENC,1
CRGDKGPDC,1
CRGDKGPEC,1
CRGDKHADC,1
CRGDKTTNC,1
CRGDRGPDC,1
CRGDSAC,1
CRGRRST,1
CRGSGAGRC,1
CRLGIAC,1
CRLTGGKGVGC,1
CRMTRNKPC,1
CRNCNGRCEG,1
CRRHWGFEFC,1
CRRTNWQGAGC,1
CRSRKG,1
CRTCNGRCLE,1
CRTCNGRCQV,1
CRTTRGTKC,1
CRVSRQNKC,1
CSCCNGRCGD,1
CSDGQHYWC,1
CSDSWHYWC,1
CSDWQHPWC,1
CSDYNHHWC,1
CSGGKVLDC,1
CSGRGDSLC,1
CSKCNGRCGH,1
CSMSAKKKC,1
CSNIDARAC,1
CSNRDARRC,1
CSPQSQPMC,1
CSRPRRSEC,1
CSRPRRSVC,1
CSRPRRSWC,1
CSSTMRC,1
CSVANSC,1
CTAMRNTDC,1
CTDFPRSFC,1
CTDYVRC,1
CTECNGRCQ,1
CTGRGDALC,1
CTGSWLGC,1
CTPSPFSHC,1
CTPSPPFSHC,1
CTQDRQHPC,1
CTTHWGFTLC,1
CVLCNGRCWS,1
CVLNGRMEC,1
CVMVRDGDC,1
CVPCNGRCHE,1
CVPELGHEC,1
CVQCNGRCAL,1
CVRIRPC,1
CVSGPRC,1
CVSNPRWKC,1
CVTCNGRCRV,1
CVWCNGRCGL,1
CWGCNGRCRM,1
CWGTGLC,1
CWLCNGRCGR,1
CWRKFYC,1
CWSGVDC,1
CWWRLEGC,1
CYDSWHYWC,1
CYLGVSNC,1
CYLVNVDC,1
CYPADPC,1
CYSYFLAC,1
CYTADPC,1
CYVELHC,1
DAHVLVPRTP,1
DKPTAFVSVYLKTAL,1
DLLAVSWLRA,1
DLPMHPM,1
DMPKQLLAPWYY,1
DPAFIFYHSTLFFNS,1
DRWRPALP,1
DRWRPALPVVLFPLH,1
DSNAES,1
DSSLRLP,1
DTCRALRCN,1
DTLRLRI,1
DVGTTE,1
EACEMAGCL,1
EDCTSRFCS,1
EDIKPKTSLAFR,1
EEPAYQRFL,1
EICVDGLCV,1
ELIKESR,1
ELYVSRL,1
FAATSAE,1
FDDARL,1
FDHSSKWTRTSP,1
FGCVMASCR,1
FMEIET,1
FNDYRL,1
FPCEGKKCL,1
FPSSLIIPPLPN,1
FQHPSFI,1
FRCLERVCT,1
FRPNRAQDYNTN,1
FRVGVADV,1
FSDARL,1
FSDMRL,1
FSDTRL,1
FSLLDAR,1
FTDIRL,1
FTTVCRQPRGHEAIVCGSGK,1
FVDVRL,1
FWTERAGWAY,1
FYCPGVGCR,1
FYCVIERLGVCLY,1
GARECESGGPGMRKLCTQIN,1
GCNGRC,1
GCSVSSVGALCTHV,1
GDVWLFLTSTSHFAR,1
GGCLQILPTLSECFGR,1
GGCRGDMFGC,1
GGGTRAGMKY,1
GGHDGDPVLTGTLFY,1
GGHTRQ,1
GHGKHKNK,1
GHLIPLRQPSH,1
GICKDDWCQ,1
GICKDLWCQ,1
GKYTWYGYSLRANWMR,1
GLKVCGRYPGICDGIR,1
GLLLVVP,1
GLPVKWS,1
GLWQGP,1
GMMYRS,1
GNGRAHA,1
GNIIPDRPMHPT,1
GPLPLR,1
GPSGNLHIRPAS,1
GPSRVGG,1
GRCLLMQCR,1
GRCVDGGCT,1
GRDS,1
GRGDSPK,1
GRQGCYEHLWRLIAWCAIFL,1
GRRIAGPYIALE,1
GRRINRLILPRN,1
GRRPMKLNKTP,1
GRRTRSRRLRRS,1
GRRTRSSRLRNS,1
GRSQMQI,1
GRWYKWA,1
GSFAFLV,1
GSLACQNIVVCVKKQCNALC,1
GSPQCPGGFNCPRCDCGAGY,1
GSVLPVL,1
GSVSHRR,1
GSWYAWSPLVPSAQI,1
GTGSCGYGKLHTGYWCSYFP,1
GVTDSSTSNLDMPHW,1
HEVVAG,1
HGKYFVS,1
HGRFILPWWYAFSPS,1
HHEWTHHWPPP,1
HHTRFVS,1
HKHGHGHGKHKNKGK,1
HKNKGKKN,1
HLQIQPWYPQIS,1
HNAYWHWPPSMT,1
HPLRLPA,1
HQSVNKE,1
HSFLHPWDLFDY,1
HTCLVALCA,1
HTFEPGV,1
HTMYYHHYQHHL,1
IASVRWA,1
ICLLAHCA,1
IDKQLE,1
IDLMQAR,1
IELLQAR,1
IFLLWQR,1
IFSGSRE,1
IHFPSAS,1
IHWRPWAR,1
IILLQGR,1
IKARASP,1
IMYPGWL,1
INGKVT,1
ISCAVDAC,1
ISLLGAR,1
ISLLQAR,1
ITDMAA,1
ITTPWDEMRSFL,1
IVADYQR,1
IWSGYGVYW,1
IYCPGQECE,1
KAMSWYA,1
KCCYSL,1
KDEPQRRSARLSAKPAPPKPEPKPKKAPAKK,1
KEPAYQRFL,1
KGCGTRQCW,1
KGHHGKHG,1
KGVSLSYR,1
KGVSLSYRKKGVSLSYR,1
KHGHGHGK,1
KHMHWHPPALN,1
KKEKDIMKKTI,1
KLWCAMS,1
KMGPKVW,1
KRASCQNPLFSNFFVCGLSE,1
KRCSSSLCA,1
KSLSRHDHIHHH,1
KWCVIWSKEGCLF,1
KYGLCRDETVFPSHSCTFTG,1
LCPKHPLGC,1
LDCLSELCS,1
LDHFAPM,1
LDKKTTS,1
LECVVDSCR,1
LEPAYQRFL,1
LFAQLGP,1
LGTDVRQ,1
LIAKTALPQTN,1
LIAKTALPQTNK,1
LILSSGELLRHPRG,1
LLADTTHHRPWT,1
LPAMPNS,1
LPGMMG,1
LPNFCMDTSGRAGPLCMGSE,1
LQNPTPE,1
LRMTCAFGVAQRSADCALSS,1
LRTNVVH,1
LSMFTRP,1
LSPLLSPATA,1
LSSVNSFPVVTP,1
LTGTCLQYQSRCGNTR,1
LTLRWVGLMS,1
LTVEPWL,1
LTVLPW,1
LTVQPWP,1
LTVSLWT,1
LTVSPLWD,1
LTVSPWT,1
LTVSPWY,1
LTVTPWL,1
LTYQTWP,1
LVCLPPSCE,1
LVGVRLL,1
LVRRWYL,1
LWAEMTG,1
LYPLHTYTPLSLPLF,1
MAKHAM,1
MARAKE,1
MARSGL,1
MCPKHPLGC,1
MFCRMRSCD,1
MIHTNHWWAQD,1
MLPKPSSFPVPG,1
MMSQLAH,1
MSRPHK,1
MSRTMS,1
MTKCRG,1
MTKSAG,1
MTQMIS,1
MTRNLQ,1
MTRQIG,1
MVWSKGPLFL,1
NACESAICG,1
NGFSHHAPLMRY,1
NGRAHA,1
NGRSL,1
NISRCTHPFMACGKQS,1
NLYVASW,1
NLYYASW,1
NMSPQLD,1
NNRACFRTSKGNPAECPYLG,1
NPRWFWD,1
NQPTRAL,1
NRCRGVSCT,1
NRLKCRAQATHSAAPCIRGY,1
NSFPLMLMHHHP,1
NSSSCDTSVVRSTWACILQP,1
NSVRGSR,1
NTHMTAF,1
NTLPPFSPPSPP,1
NVVRQ,1
PEKFRPM,1
PFKLSKH,1
PGVIPWN,1
PHSPTSL,1
PICEVSRCW,1
PIDERPM,1
PIEDRPM,1
PIHYIF,1
PKMTLQRSNIRPSMP,1
PKWLLFS,1
PLASRPM,1
PLRIAQH,1
PMAHLEF,1
PMMRQRPM,1
PNPNNST,1
PQNSKIPGPTFLDPH,1
PQRHVNY,1
PQRRSARLSA,1
PRCESQLCP,1
PRNICSRRDPTCWTTY,1
PRPGAPLAGSWPGTS,1
PSCAYMCIT,1
PSTLTSS,1
PSTNHAL,1
PTEAQLQ,1
QACPMLLCM,1
QCTGRF,1
QEFSPNLWGLEFQKN,1
QEFSPYMGLEFKKH,1
QEPAYQRFL,1
QEYSPNLWGHEFRSH,1
QFDEPR,1
QFPPKLTNNSML,1
QFQSQPM,1
QHAPSNSKSVLT,1
QHWSYKCIRP,1
QLNSCIHSGDRAIRGCMDWV,1
QPENLPT,1
QPPMEYS,1
QPWLEQAYYSTF,1
QRLGNQWAVGHLM,1
QRSPMMSRIRLP,1
QSADRSV,1
QSRLSLG,1
QWCSRRWCT,1
QYREGLV,1
RASDVGSDVVPRYPF,1
RFRGLISLSQVYLSP,1
RGDF,1
RGDGWK,1
RGDPAYNGRFL,1
RGDPAYQGRFL,1
RGDPAYQRFL,1
RGEPAYNGRFL,1
RGEPAYQGRFL,1
RGEPAYQRFL,1
RHCFSQWCS,1
RHTVCRVSLSSVQGSCSHEY,1
RIHYIF,1
RIPLEM,1
RKCEVPGCQ,1
RLCSLYGCV,1
RLLDTNRPLLPY,1
RLQLKL,1
RPARPAR,1
RPCGDQACE,1
RQNSCTYSDARRWALCWSGE,1
RRHSVSG,1
RSCAEPWCY,1
RSCIKHQCP,1
RSGRVSN,1
RTRYED,1
RVCFLWQDGRCVF,1
RWCREKSCW,1
RWRTNF,1
SAERGVVAMS,1
SALLPWPVLVNY,1
SEFIHHWTPPPS,1
SFNQPYLYKTAF,1
SFPDSNIAPSSP,1
SFSIIHTPILPL,1
SGWCYRC,1
SGWFAGS,1
SHGKPPSFSPYT,1
SIDSTTF,1
SIVNCSAALTDLPTRCGGNI,1
SKGLRHR,1
SKSSGVS,1
SKVLYYNWE,1
SLDSMSPQWHAD,1
SLVSFLG,1
SMEPALPDWWWKMFK,1
SMPINSPYIPWS,1
SMSIARL,1
SMSIASPQIPWS,1
SMSIASPYIALE,1
SMSIASPYIPWS,1
SMSIGSPYITFG,1
SNPFSKPYGLTV,1
SPGPMKLLKTPL,1
SPGSWTW,1
SPLLSTRAVQLS,1
SPMFTMIQGDAQ,1
SQRQTLD,1
SQWNSPPSSAAF,1
SRCKTGLCQ,1
SRESPHP,1
SRHDLNS,1
SRPRR,1
SSWCMRGQYNKICMW,1
STKLLHE,1
STLPPPLRFANV,1
STVATSQ,1
SVSVGMKPSPRP,1
SWCQFEKCL,1
SWLAYPGAVSYR,1
SYDILKPNPQRL,1
SYPLSFLGPLIS,1
TAASGVRSMH,1
TALSPQ,1
TARGSSR,1
TDCTPSRCT,1
TDLGAM,1
TDSILRSYDWTY,1
TECDMSRCM,1
TEPAYQRFL,1
TGVSWSVAQPSF,1
TLNINRLILPRT,1
TLTVLPW,1
TLTYTWS,1
TPLFCGNHGRQPSPLCMKWD,1
TPMNHHSQHAER,1
TPRNLRTSNTHR,1
TPRTQKA,1
TQPADLQTHNHN,1
TQQPLEGHQLPY,1
TSAVRT,1
TSCDPSLCE,1
TSPLNIHNGQKL,1
TSPTNRS,1
TTREKNL,1
TVWNPVG,1
TWGHLRA,1
VASVSVA,1
VECYLIRDNLCIY,1
VGFGKAL,1
VGVGEWSV,1
VHMNCSWMRVSEGHPCESAD,1
VLTVQPW,1
VNSHQALWSPAQ,1
VPCQKRPGWVCLW,1
VPCRFKQCW,1
VPEQRPM,1
VPNTNSLPAAVN,1
VPWMEPAYQRFL,1
VRAVCTTLKSRGHEECWSLQ,1
VRNSLRN,1
VSFLEYR,1
VSRSSRWGSI,1
VTCRSLMCQ,1
VVDRFPD,1
VWRTGHL,1
VYAQCGVNVRTGRGGCSRLM,1
WAEPAYQRFL,1
WCCRQFN,1
WDLAWMFRLPVG,1
WEEPAYQRFL,1
WESLYFPRE,1
WGKIEDPLRA,1
WGTGLC,1
WIEPAYQRFL,1
WIFPWIQL,1
WKEPAYQRFL,1
WLEPAYQRFL,1
WNLPWYYSVSPT,1
WPLHTSVYPPSP,1
WPRYAESTLQLR,1
WPTYLNPSSLKA,1
WQEPAYQRFL,1
WQPDTAHHWATL,1
WREWFL,1
WRNTIA,1
WRPCES,1
WRVLAAF,1
WSCADRTCM,1
WTCRASWCS,1
WTEPAYQRFL,1
WTHHHSYPRPL,1
WWAMKP,1
WWCLGERVVRCAH,1
WWSGLEA,1
YEDIKPKTSLAFR,1
YHTRIALPDNLP,1
YIHYIF,1
YMFWTSR,1
YPHYSLPGSSTL,1
YPTPYDI,1
YRCIARECE,1
YRCREVLCQ,1
YRHWPIDYPPP,1
YSAYPDSVPMMS,1
YSFNSWM,1
YSHNTITNLYFS,1
YSINDWH,1
YTSPHHSTTGHL,1
RAERDG,0
GKDAAAASV,0
LAGIGLG,0
CAQPREPGV,0
LATATLSK,0
ADIIASMSYF,0
YNYEDSILLSERIVRDDVFTS,0
GSGMRILV,0
GRHYRGVRQRPWGKF,0
EFAINMSNMRHWAPPVRKY,0
SEPGLGSP,0
LESVTDEIIDNNGGREIAVKFV,0
KAYGKDFRAFKAALFK,0
QVCQSAYSQLA,0
TRLLDGIRVDSYGSM,0
AGTKELLVIS,0
LVERIAKSAGTVGYELLCQISER,0
LGWSHGDQEIFSVQEMINSF,0
PTQMGLSLNIDISAT,0
QLMPIKIQSDLPAK,0
EEMRVRLAAKKQELEEILHE,0
NKQSGLLGI,0
LDLLDLGDDGIEDSLYDQDELLVK,0
WEFTFNEI,0
IDPTTRVKDLTEAQANLLNTILQ,0
ATLREEKKLRVENA,0
HFTLRIMYEQFQNILKMGPI,0
STDITSFLSSDPSSLPK,0
TLSQLAIKRKMKMELIAEEMR,0
HIPDTVNGSS,0
APSVPAGSVTDASKH,0
AAGDSNLK,0
PKNIEMVMPGDNVKLIVKLLSSI,0
ENQLGFNETSATDSHNFKKALLH,0
NAGRITVRHRGGRGKVRYRLISF,0
FPLSVSNVF,0
DAVKVTLGPKGRNVV,0
LSSLLLLAAMAGGSSQQCS,0
QHNRFI,0
GFVLEASGQS,0
SEWIEYHIKKCDVVLP,0
LDATVVNMRFVKPLDV,0
GTQAKILCA,0
IPSSIAFLTTLERILPERFLAVLK,0
SIGRRGAADATLEEEWNL,0
LEAAQRALFRLYENMKKYPKEEA,0
SLEVIEIQARSSLGSPARAYL,0
VVLSPEALFKEIGELEAAGVDV,0
CFDFMGYLSSVPKSPLLVRNQMLE,0
MRLYGSTDVIGVAV,0
TKFLVGRDGHVIKRFSPTTEPKD,0
EMDFSIFVDTPLDICLMRRIKRDV,0
HGVAGAITGRAIYEG,0
NSFEEPPDRDFLDIKQLG,0
RVYTTT,0
NELARAGVGVIVISS,0
NMEIELLKLENKARFILAVLSG,0
EEQVQKLQSILKPMMLRRLKEDVE,0
DEFAPLGELA,0
VPQVPVLAIESQNRADAKLA,0
CPKFLSPV,0
HQPML,0
STHDASTNGLINQFKEWMMA,0
GAKRPKMGLRDSEALKP,0
VIINTQCQFAGAITHTG,0
LDMGRQLILFPMSDQSDHP,0
DKAWADAEQLFSVKTLTFLGFIG,0
RYNESDKIFNKIRTWKA,0
VHLLFLHET,0
NVPIWLNRWEEASLEGGDEL,0
RPGKAPM,0
GFRVWVYSGDTDGR,0
GGGTGSGLGSLLLERLSVD,0
VSIRVIADHIRAITFLISEGVFP,0
IGDAT,0
AKHAQGGMWYGVDVNN,0
ATPTPLLLVG,0
TELLEWAFTS,0
DGVKPEVLK,0
RILRRHL,0
QRKQTAE,0
HNSQDPVMAEKMG,0
DMVEQSPVSSYVIEYREPSVN,0
RVTINKD,0
VILFFSILNIHVGMAGPEQ,0
TIQFNWERAKVFDRLTTM,0
KFDKKRFRYIILKQKFLEA,0
LFFTDAEVVDQDTAQTAD,0
YEGHA,0
NAQFKVELENGLVVLAHVSG,0
PYTGDP,0
IEDADTSASLYEKLAVQGPQA,0
PSFKPNQVRDLREKYSNFGNNS,0
DGGPA,0
YVVAHFHYVLSM,0
FPCEYSPSHNTD,0
YPDDAAQAQAQLRQAAP,0
SFKTEIKIFGD,0
AIFGL,0
DVKAQEIADKIYN,0
ARFPGPILMTSNCIIEPLPQYRQ,0
GRALACSDE,0
ILPELEDAQP,0
RVNHA,0
TEHPTVGLLN,0
INGSVDGQVMAFFVMVVAAAEVV,0
GERVDALAI,0
NHPESTAEFNDSDSGISLNTSPS,0
NLVGTQFHPEKSQ,0
NERIRRRARDDNDDDPY,0
MAEEQELRDMFERFGRVTRVFLAK,0
TLNVTYESTKDTFT,0
DLEEKPGSYKLR,0
EIPYGTVVTYGDIAQKANTHPRVV,0
SNKAAFIVG,0
TDLALELARVLPCELISVDSALVY,0
GVYLSS,0
RFGELKD,0
TTKDMATQLAFMRLLANHASQNI,0
PLVGADLSVMESDT,0
DVSNQ,0
SPIDT,0
SVADLE,0
PDRFCTGSSI,0
YNHYKRLLHPEAEIGKANIL,0
RTLTKLQFDVTQNAHTEPPYI,0
EGLGYSNLYI,0
TIIYPLCETNVYVIAPDAPLHTK,0
DGDAIIFF,0
IGSEHLLDG,0
VDRHGVS,0
NMIIKKSMIPIICICNDRAHPKL,0
FYAQISQSQGKRLGQLLDEN,0
GDKLWHYNEKG,0
GDVVANT,0
AEAGFAAFAAR,0
RQPSQSPQ,0
YLNVISSPNCDSSQSSIGHED,0
PVRFAALTHDLGKAETPADILPR,0
CEIHMG,0
VVYLILPLFAFANAGISLQGV,0
TFPLRVRS,0
LKIKGLTEEY,0
QALELNSVL,0
DEVMAQIQGANTDMSQSSKTLKN,0
YETPPPSPGLDPT,0
STSATLRPLTKFDY,0
INTYGWRQ,0
EETLRALKLLIADGFQVMVYCSD,0
PAQVLAQ,0
SKSHRSQTRSRSRSR,0
KERYKH,0
IGKMS,0
GHALHVFVNGQLAGTAYG,0
HDNPTYTKHGV,0
GDELNNLIKGLEKVEDSIGN,0
ILEFSNVLYSLVHQNG,0
GEIGA,0
RAHGQGAP,0
RHETLKVMPCALEHIHTRYLG,0
HKAIGDQLTC,0
QTIIKLPREFQTGSKVTII,0
VAAAL,0
TVRGKELPLEL,0
EHPLFVH,0
STYRDFQQALYELSYHVIKGNL,0
SQDVVLGLYYATRDK,0
TPINLLG,0
QCIDCASGTFSGG,0
VFDVNA,0
HIYEYTTQIGMELK,0
KEARYFVKEQHKKLSRKPIKIGIP,0
DLLEVHKKPLQEV,0
GEGGLRDVEFAVQLLQLVHGRS,0
TIPEIIKQR,0
QSIPWG,0
GHYDAETVRYFLLS,0
GTLYCQVPCKGLNK,0
ELASADGG,0
GKYDL,0
NLLGKGIR,0
PSIAFLLLLW,0
SPEKLYQEFEDNSASWWKFDPR,0
AIIQTLMN,0
GETQACGSGACAAVAV,0
SGTGTSLGIGRGALTATP,0
AVRHG,0
TAYHEAGHTLVS,0
KKFKGMDLVGSDLRTSA,0
KENILNE,0
RFYRTRLKNIVKDVRSA,0
AIYVAKFLVVPLRSLRVGSSFVGV,0
THVILK,0
EVYCNSSAREYYNMKKEF,0
KEDSGHLMA,0
EKIYHRQIFKQFL,0
ENRTNVM,0
SLHAASHDVVCDRIE,0
LQAEYDRLKQQHEHKG,0
VWAHHMFTVGMD,0
QEALMS,0
QQQQEPQMQEQHL,0
SQGFFSIQ,0
LQKQEYKT,0
AFVTALIPDLT,0
LALQVHDHVVH,0
LWVLGNCGQRVPGLSS,0
SRQNGKSQQRRNNGYSNGHSYG,0
ITMPDLRPNMYHPT,0
PYGKSKL,0
SKYFETSALK,0
MVPLLSTTMVG,0
ARNRAAL,0
EWYVGV,0
TDVTGSVQ,0
SVDYADPD,0
DTLLGKLNI,0
SVAKQSQ,0
AADIRSYRQPEPYKG,0
WNQYP,0
WLMQAL,0
VKHTEGGGAAAKSITGD,0
IPNNGQ,0
IRTEYMVYEMYPQIK,0
SAGKKRHILVRVM,0
VQPSRRPKDG,0
LGLMFGT,0
KEKTTTPEKKVTYKFDSGATNVP,0
KPFEERAKLASNPMASKLFTLMSS,0
EALDRHRLLSDVTRALADE,0
HPKDISVAPRTLSQDT,0
SILPTMKCGDIPSVPQRESDA,0
GDFIKN,0
FSMQTPNPY,0
LAQLMSGRFYTTIRESSKKVLK,0
TIKVKQV,0
IASIPSDAVQLKTKDDMPLASFHG,0
LTIAGMLPFKPVFLGQQQRPAPR,0
FLVPARLSNG,0
IGAGSTVTKDVSDKQ,0
LAGGELAGIVGMILAVPATAVLKV,0
STEVLNKIEDRK,0
VGYDKLICKSRV,0
SVNSYFDSFLELLG,0
TAPRAQAMRRAIEGAMAA,0
PELKEKLEESEKLIKELTVTWE,0
PLRLIIYRDGVGDSQLAFT,0
VEPGSTCAVFGLGGVGLSAVM,0
DQLLSLNRIVV,0
LKIVHKNGDMVDAGDLVAVIQMD,0
FRRTTPPTTATPVRHRPRPYPPNV,0
LALNLRAYDFISQETR,0
ATTLEH,0
GGDITPFLP,0
RFSEQQRKCVDI,0
HEAVGI,0
SESSFGLMQIGLATAE,0
DVKGVFVNI,0
GYYHYSYSVVRGCDRI,0
TLATTFPKIQVDSIELSALM,0
NDGLKEIST,0
ISIYNHL,0
TELAILYSKYKEEKLMEHLKLFY,0
LRNPYLLSYGFLTKKIH,0
QQAKEWLK,0
RDWYVVDATG,0
DIKQGKCVRL,0
TKVVMCSGLFCSV,0
WLSEVERPGGLVRWA,0
AADIAGRDFGGM,0
FSRGAAPDEAERLYTHFSDACRAS,0
TGFFT,0
TRKSQYRINDLYSRVLL,0
FLAKVFNSSHSFLEDLTG,0
NLIGECN,0
QSRSSVMRAM,0
REKADPYRRTQESKLLKFAFQP,0
LFNYLFAKHHNGDFILRI,0
LACSGCITSAETV,0
ELIAQLLGVMQAPVSGFARLL,0
RTAQRPRPFSSSPRSASGRLRGPR,0
ICALGEAFAWP,0
SVIRELLQKPNARVVVL,0
LGPGMVISPSALSEEIA,0
LRGQVVT,0
RVGAGAPVYLAAVM,0
PEKFGKVASDY,0
STEMSFTFSIIQYCLGICATFLSW,0
RGYKDINMIAL,0
TIAPFG,0
DRDVSDLVDDLLLDE,0
LIKTDDGIKVISSHGEEF,0
NYSPSSSNIVNI,0
GIVAPEN,0
GEFDGLATEECK,0
ELSTSL,0
KQFLNEVFNSRDESKKKSLLV,0
PLYGKVVRSTSKVKA,0
LVSGHDLHDLEKILQQTEGK,0
VIAKIHPNMVVKIPMTGEGL,0
IDAKELSDYFATTN,0
NTMLVVAVRF,0
VLVRPSYVIGGRAMQIVT,0
QAYVTEEVSV,0
NARKKYPKLNGLLA,0
DDELAKLGK,0
YPGIKLQIGPIPRI,0
LHGVAVDPHDD,0
VRLEPEPVVVPARMSLH,0
TPSTPIMTIYLTDE,0
PYSPHRHDPHEGDNIALIIKD,0
LREQLEITFSKLPDLERMLARI,0
YHMTPFSTD,0
QFADAPTLKGD,0
KRKTLQNELDDLANTQGTADKNVH,0
RLAAILAAALRSAGVTVGEHFF,0
SRLLQSNVQK,0
TVGGVQSNHTRMVAAV,0
IGDAYSTGSSIMPQKKNP,0
SKIINVGGKYVKLQIWD,0
VDSGIIRELREI,0
EKGEEMVKHMRSSGSYQE,0
GQSANCTGRRGKDRILRVPVGT,0
RRALSKKTWPGVWTNSACGHLMPG,0
NEWDNTKLGYGKTSPSMN,0
NTQLP,0
RKIKVLKKPKFDL,0
QVLRAYLEIIMDLPWQRLDSFVES,0
FNFRYIRVMYLDPSENNTSEPI,0
IPKPMHTDHLEK,0
VIPTPPADHWCLI,0
FKNIIAADERFDVTL,0
TVLSPADLRRELGTYDVV,0
LEVTPHHIG,0
ISSSESTSAIHTIFIMSAFKSIF,0
FEDTLTITEGITMHH,0
LRKSREENWRRDTLAELIARFR,0
EALRRCQYKFPGQQRIIVSK,0
WQRDLLQED,0
RTGVIRYKE,0
RAYNECFKLMEMFGVPW,0
ESSPVHWEMDASEVHPPSA,0
KLKVAPT,0
SLDADFGVM,0
DSSRANQIGTTRRGIG,0
DNCRNSAKYSVGQNIAE,0
AFTRRRFVIAETGFGTGLS,0
EVVLVAIGEAAVKILLLF,0
LAGKYWRSVITTGEPESA,0
HFKPGKELRDRVN,0
ILGEDRARLSK,0
SKYPSNKAGAKYGTGYCDSQC,0
ALSKEIETLEKKVDALRRSI,0
GVALLLASR,0
LQPPKGHQAGGSNSQQQQPSL,0
QKMHTGEKSYESSEYEESLG,0
LLGMRLDLK,0
WHLPKSDHLIPVAVKVL,0
RKEADFTTDDM,0
ELERFVNSHEDDWRSNVLNYT,0
DNLKEEAAHLPNSTCYWLRE,0
IGIGAG,0
ESDWRKQHA,0
SQTEVMKWLVK,0
QIPWKTMDMD,0
KYAQVDIVEVSLQLNENNII,0
PIKVNQQRRVVEEIIRHGNGRVGL,0
LDGNMVVCEPLA,0
EVFVEVAHKQICYLGESKAMNL,0
KATDIELEAWKKQIADYFQ,0
HVVRVDRDNRILASMTSRF,0
SAMGAIFFAFDGFYVSAAAK,0
TTEILNLLKKVNR,0
KWSKGQSR,0
GDHEKRHRSSVSID,0
AGDLGASKAEGQNVDNL,0
DDGSVDQITRLINEIKVNPNSR,0
VSQLPPLDSFI,0
KEQDFENAVSK,0
TALPVFSFPNGLTMDSIDMEPMG,0
AQAEKI,0
PKRNKQSSLASASFLPKYFSSKWS,0
KEHFNIHSKLMVKKSNS,0
TNLRNYGFSISG,0
NPAIASISLPAGAASAAEGE,0
KPGAPGA,0
WGMHKNKPD,0
PDLSYNLALAYY,0
AVKKAYDIAIQ,0
YYLSPDSEGQ,0
GFAERFSQELQLKVQKD,0
RELAYTNSNGERVVATA,0
STPGDQRNSALIALQGSLKRK,0
LNKSETAAK,0
DGWSIFLELERFIRRKLN,0
GDCATLLKNIGALPVEMARMYFA,0
DPVTAIQMVTIN,0
IAQLMV,0
CLGMQIMFEKGTEG,0
STNLAFTPPEYLRTGRVTPESVIY,0
EFFNSSNL,0
CVGWT,0
EISGRIDFD,0
LALACHGRICSD,0
GLGHHILQE,0
LQHVLRYEREAITASPENDW,0
VAIQSPFLLDDEDDRTVN,0
RCQQEMFQKMEDTFRFCAY,0
EDPNHV,0
MQWLDARSIVPVIRHMHT,0
FATLEQAPALAAA,0
SKTGWAIISLNEKNNIEFLGGG,0
LPDRPAMALSEAEA,0
FEMIIVARVLVGICAGLSSN,0
IVCDR,0
GFNSKPERALFRELIK,0
MEFPEPVISQAVEPKTKADQEK,0
GLMQTRITWHGHSNFQVA,0
LFQEYIYALA,0
PINIECSINAHITDFLCSLKN,0
EASGTP,0
LTVRHKEGITFCEPIGHRQED,0
RRTRIGKLNPQFSVDPLRNL,0
EHISLKYTIKLDNIDELF,0
ATVPE,0
SNIVLSILFSILGSIVVAYFSR,0
TPSVYFMKQTIS,0
PYDNAWKITGNNIDID,0
GQVVAGLYDRFR,0
ISNTTPLPARIYAN,0
TMLCNA,0
LGALRLAVADNEHL,0
GEAILPRSNMINT,0
HALALFVAVAVGANISGGHVNPA,0
PGTSKSMSPTSQAQGNMMPKSIL,0
LSGLIQRFEEEKMKHNQDRVEEP,0
FGKKKKYKD,0
FTKGGVSYPVNIATSGVYHWWYT,0
IKIQD,0
ITFDFDSLEDKSVTI,0
QKIQLRRVLLKVIFAGGF,0
QHNNI,0
TALFANSPFTDGKPNGFVSMRSH,0
SAERYVVEPPDKIDYMDVSP,0
PRKHVSGCLLVLCMYSQ,0
GVVIEPMLTDQWFVAMTK,0
THIQTLGDSA,0
VDLEALAAETHGYVGADIASLCSE,0
EGARDFLV,0
VMPPREKVIK,0
NLLPENNLLSSELS,0
DRLTVELVWMHDAPLQTGR,0
MFNNYAVV,0
AVLIAVTQ,0
ADLDSIQEKGML,0
GKPPRSSHRLPGEGEWEAVW,0
AISHLNRSPKFKSLMFII,0
ISQVLVIMTEKLIEQLEA,0
IRHYLVKADD,0
YHATGTNGA,0
LQVKDGTA,0
TGYSLPWDQVGYWAV,0
RFSFKRKSNIKNGKMNQ,0
KINQNKLIISDRSFISGMAYAK,0
EAGVPLNVAEEVHKH,0
HLDGNCHTFIDSDADPE,0
ENAKAAVAEMKDGDVVLLE,0
EFSDMWYGFYCYETQ,0
LKMMNDRMIQNQTFNRLREKLS,0
KSRNL,0
TSDTATAFSS,0
EFLDNVIK,0
VAIDM,0
SLAFMKRANY,0
GTSVNC,0
FRRRHA,0
DISWSPDNQR,0
SYNAPS,0
MGEIPLMTG,0
EHMNVSNNSNMDHNDLAKRGES,0
KVTGSPLPEETLKLCKNSDAILF,0
VYVGGYHWPAFNVAD,0
EKEERHQWESREHKKITDSLEAL,0
ALFPSAVSPPELRQ,0
METDL,0
RASPERRSLSRYSHHHSRV,0
LKYFMP,0
MPPKTRASAARKPRR,0
DIISRVRGGSSGWGGGLSQ,0
AADIRAA,0
RKQKRIFQTLLLLTVVFG,0
TDIDDKIINRAI,0
LCRSPSER,0
TPRPYSRHNLIQGTNGVFAGFPNR,0
KHMRQLLMDRGFPV,0
LIQSAVLVCPLSDQLTDQCR,0
GTLESHGEKAYLI,0
HDRVVVK,0
YFILSLCKRVRTADGSPLESKVF,0
SLKVKH,0
AGIGNQATGIGHQTIPVSLPAA,0
PPAKEEPKKP,0
IFYFSTDN,0
LAGSKLTSDQVCDHFGVKVRPSAI,0
KEEEPPEKTV,0
LLIDDTQIFG,0
TMAATLDGNAVFMINAQE,0
RRSHDAKKACHAA,0
YHKAHLTRRL,0
DEHIPVWP,0
DGSEDIHHVAIA,0
LTRCSSVVTQRVPEKAKG,0
PVQEPTG,0
EATDPKSAGN,0
LPGGCAIGSRPVDQHL,0
RYIIAQANATIDK,0
KMNPRR,0
NEQVLANAPGIV,0
LAFETMVASG,0
VDIKPD,0
IAAANIGVNPTNDGESVKLFFPP,0
QIGGSDQWANI,0
RIEWNGAWSDKAKEWEEVMPEVQ,0
MGDLDFLGMARSGALAVVQLYQ,0
FRSGVGFHILKIDDVKGL,0
SHAPCGIPYVVEGIS,0
IADLAHKTKGNHIIKEEHTE,0
DYNKLMQIEGFGPGLA,0
DIPEQAFYMVGTIEEALEKAKKL,0
YFRGENNIGKNFMAYYY,0
QPAPGVKIEIELG,0
TDEESGQTIIAGMG,0
GDRNAITSQLSSLGRMPDSRL,0
KPTTTTTTTPKPVER,0
FKHGY,0
DEIDVDKLLVVTFTN,0
TQLALINV,0
RLNHHLSGLFGVSSLAWT,0
KMLWQ,0
LLDNGQISQGSFTFEDFD,0
ESLCDDVVSV,0
SCVALTLVLLVNS,0
QGVAMRAGVLADDHLIEV,0
SPGWGTT,0
FTRLIKEITVAARLGGGDPNSNPR,0
ILIESEGRRGAAHKDRLPVALI,0
GLTREGCA,0
DVAVRREHAASKLYAAGAH,0
GFHEKYGDLRLL,0
IETQAGDVSAYIPTN,0
FNARLAVTNIVLDVDFRLARPV,0
RLIDETGVTPVINQIELHPLMQ,0
TCNLIFSLCRYNNRLAEHI,0
IIWGGAGTNGQHAYHQLLHQGT,0
YVQNRLL,0
ELFGARI,0
GVTYNYLINDGAEI,0
IGMLPRFI,0
EETGGHEVHGLPQYHHK,0
EAVRLKEKK,0
TGDKKRATGVTYLDGQGREVVQP,0
EDELRQQFLDIKVGRANASSPR,0
TEGYCPHKTGNRPGFPSLNIP,0
KSASNKVSGLDSGFI,0
RYSTSLEKHKLFISGLPFSC,0
QGRVLHHMHHNHEEHQQE,0
DLAVVEVDQVMVVD,0
GETLLCQLSSYAKTEL,0
GSAYLYTYVTVGELWA,0
KQGFAVEKAQVRMPTGPLKVT,0
LTADEEDDFRVAPGD,0
YIFERESKY,0
RVLTVPNMLSV,0
FARIEQDEAARKEE,0
PSLRSNTRS,0
TDPAPATTFAHLDATTVLSRG,0
QCGKAFSQKGSLIVHIRVHT,0
LFSVGTVASILQMLKLPDATVKV,0
IAYDCWLGKVYDLKNQIILKL,0
GMAPS,0
SLIKELQLVYNKARQ,0
VQDFCVADPKGPQSPSGY,0
HASPRI,0
GTTPDG,0
NLIQDEIICGLLRDQLALVD,0
SNDLVVNV,0
LSSPAFW,0
LHAMERYKPATSESL,0
SGGDHSSFTSGTRNYRQRRSSPS,0
KDMGGLPDALFVID,0
AHSAARYHMMKFARVDYQQ,0
LTEPLAIMGKCSALM,0
SLDEQNVEKNNQLAFDIAEKELGI,0
ALLEAFYRSHLPNMFQLIATVFV,0
EPMHNSEAELPE,0
YFPIIYYCAYFSVRASDFDL,0
VSILIFKNP,0
GATAAAA,0
DLYMVKWTSLMIPPIT,0
TLAALKAEDRI,0
YQAMNNMLEEAQTML,0
TSQTSDKRKR,0
FSQNVRYCSTEIDRNNSSSKNDHL,0
NHAQAAGVPVVV,0
EQRGQPQAPQQTGAFPIQPFVPQG,0
PIGYHAIT,0
PSNQNTRTLWLSTLRM,0
GIYSVDIF,0
AINNRLNGNRKVRGPLNFDD,0
EPDKKDRKKTKGKKQMTRTATQK,0
RPLLCLLLAALCMPPALGL,0
KRNGEWDATVNANPIWN,0
EADLDDITWVIREFGE,0
ELLPKNPNISFDIVNQEMT,0
QNVLIREDGSCAIGDLG,0
NPIDFVEGWFSSWKS,0
VDPEGKYVISTRV,0
VKKIIDRNYQECLA,0
ISQNTEGRDRILTVSQENN,0
VKNNVEVN,0
ILEKHKGTESSEMEKEDNGSKQSS,0
VVVEILFSLQLFI,0
YRGVCP,0
ISLVSPSESGLQ,0
LMMAQVCDLQPGDFVHTL,0
EITADIP,0
KIMDAGGLVS,0
GESKDENPDSKEKVDAFVKYA,0
LLLISKMDSWNTAG,0
SLITVAPSASAQ,0
QKIEQVSTWQ,0
GMRKAYYDERGAYERIFQRLDLK,0
EAPLINKGSAFT,0
LSGSKSGD,0
VEAVGLIVDMVSQLVERGAAYSV,0
NDNFSLFKFLNSN,0
GAPQPVPPEMVRAVRKVF,0
SAKDLVELDFPGYAIGGLSVGEP,0
DYLEQNLH,0
GIGESALAEK,0
EDKIKELLNTDKPVKLLIVDSL,0
VYERERRRPAYLDEVR,0
EVEKLMA,0
FIKEFCDKQGVEVALAEVWEKG,0
NPDGGVWKQGFDIKY,0
NPYDFYRLR,0
GFVRYYNLSVYRNTEG,0
RKDLNEIYQSHQQFLKNLQNDI,0
ERVSVESDASDGGCGVYET,0
EIRELLGLNQYVDLIIPRGSNE,0
FKNSPTLFEMQ,0
